Date,Year,Month,ONI,RONI
1950-01,1950,1,-1.5,-1.5
1950-02,1950,2,-1.3,-1.3
1950-03,1950,3,-1.2,-1.1
1950-04,1950,4,-1.2,-1.1
1950-05,1950,5,-1.1,-1.0
1950-06,1950,6,-0.9,-0.7
1950-07,1950,7,-0.5,-0.4
1950-08,1950,8,-0.4,-0.2
1950-09,1950,9,-0.4,-0.2
1950-10,1950,10,-0.4,-0.3
1950-11,1950,11,-0.6,-0.4
1950-12,1950,12,-0.8,-0.6
1951-01,1951,1,-0.8,-0.5
1951-02,1951,2,-0.5,-0.2
1951-03,1951,3,-0.2,0.3
1951-04,1951,4,0.2,0.6
1951-05,1951,5,0.4,0.6
1951-06,1951,6,0.6,0.7
1951-07,1951,7,0.7,0.7
1951-08,1951,8,0.9,0.8
1951-09,1951,9,1.0,0.9
1951-10,1951,10,1.2,1.0
1951-11,1951,11,1.0,0.9
1951-12,1951,12,0.8,0.8
1952-01,1952,1,0.5,0.6
1952-02,1952,2,0.4,0.4
1952-03,1952,3,0.3,0.4
1952-04,1952,4,0.3,0.4
1952-05,1952,5,0.2,0.3
1952-06,1952,6,0.0,0.1
1952-07,1952,7,-0.1,0.0
1952-08,1952,8,0.0,0.0
1952-09,1952,9,0.2,0.1
1952-10,1952,10,0.1,0.0
1952-11,1952,11,0.0,0.0
1952-12,1952,12,0.1,0.2
1953-01,1953,1,0.4,0.5
1953-02,1953,2,0.6,0.8
1953-03,1953,3,0.6,0.8
1953-04,1953,4,0.7,0.8
1953-05,1953,5,0.8,0.8
1953-06,1953,6,0.8,0.8
1953-07,1953,7,0.7,0.7
1953-08,1953,8,0.7,0.7
1953-09,1953,9,0.8,0.7
1953-10,1953,10,0.8,0.8
1953-11,1953,11,0.8,0.8
1953-12,1953,12,0.8,0.9
1954-01,1954,1,0.8,1.0
1954-02,1954,2,0.5,0.7
1954-03,1954,3,0.0,0.1
1954-04,1954,4,-0.4,-0.2
1954-05,1954,5,-0.5,-0.3
1954-06,1954,6,-0.5,-0.3
1954-07,1954,7,-0.6,-0.5
1954-08,1954,8,-0.8,-0.7
1954-09,1954,9,-0.9,-0.8
1954-10,1954,10,-0.8,-0.7
1954-11,1954,11,-0.7,-0.6
1954-12,1954,12,-0.7,-0.4
1955-01,1955,1,-0.7,-0.4
1955-02,1955,2,-0.6,-0.3
1955-03,1955,3,-0.7,-0.3
1955-04,1955,4,-0.8,-0.4
1955-05,1955,5,-0.8,-0.4
1955-06,1955,6,-0.7,-0.4
1955-07,1955,7,-0.7,-0.4
1955-08,1955,8,-0.7,-0.6
1955-09,1955,9,-1.1,-1.0
1955-10,1955,10,-1.4,-1.4
1955-11,1955,11,-1.7,-1.6
1955-12,1955,12,-1.5,-1.3
1956-01,1956,1,-1.1,-0.7
1956-02,1956,2,-0.8,-0.3
1956-03,1956,3,-0.6,-0.2
1956-04,1956,4,-0.5,-0.1
1956-05,1956,5,-0.5,0.0
1956-06,1956,6,-0.5,-0.1
1956-07,1956,7,-0.6,-0.3
1956-08,1956,8,-0.6,-0.3
1956-09,1956,9,-0.5,-0.3
1956-10,1956,10,-0.4,-0.3
1956-11,1956,11,-0.4,-0.4
1956-12,1956,12,-0.4,-0.2
1957-01,1957,1,-0.2,0.0
1957-02,1957,2,0.1,0.4
1957-03,1957,3,0.4,0.7
1957-04,1957,4,0.7,1.0
1957-05,1957,5,0.9,1.1
1957-06,1957,6,1.1,1.2
1957-07,1957,7,1.3,1.2
1957-08,1957,8,1.3,1.3
1957-09,1957,9,1.3,1.2
1957-10,1957,10,1.4,1.3
1957-11,1957,11,1.5,1.5
1957-12,1957,12,1.7,1.9
1958-01,1958,1,1.8,2.0
1958-02,1958,2,1.7,1.9
1958-03,1958,3,1.3,1.4
1958-04,1958,4,0.9,1.1
1958-05,1958,5,0.7,0.8
1958-06,1958,6,0.6,0.7
1958-07,1958,7,0.6,0.5
1958-08,1958,8,0.4,0.3
1958-09,1958,9,0.4,0.2
1958-10,1958,10,0.4,0.3
1958-11,1958,11,0.5,0.4
1958-12,1958,12,0.6,0.7
1959-01,1959,1,0.6,0.8
1959-02,1959,2,0.6,0.8
1959-03,1959,3,0.5,0.7
1959-04,1959,4,0.3,0.4
1959-05,1959,5,0.2,0.3
1959-06,1959,6,-0.1,-0.1
1959-07,1959,7,-0.2,-0.2
1959-08,1959,8,-0.3,-0.4
1959-09,1959,9,-0.1,-0.3
1959-10,1959,10,0.0,-0.3
1959-11,1959,11,0.0,-0.1
1959-12,1959,12,0.0,0.0
1960-01,1960,1,-0.1,0.0
1960-02,1960,2,-0.1,0.0
1960-03,1960,3,-0.1,0.0
1960-04,1960,4,0.0,0.1
1960-05,1960,5,0.0,0.1
1960-06,1960,6,0.0,0.0
1960-07,1960,7,0.1,0.1
1960-08,1960,8,0.2,0.2
1960-09,1960,9,0.3,0.2
1960-10,1960,10,0.2,0.1
1960-11,1960,11,0.1,0.0
1960-12,1960,12,0.1,0.0
1961-01,1961,1,0.0,0.1
1961-02,1961,2,0.0,0.1
1961-03,1961,3,0.0,0.0
1961-04,1961,4,0.1,0.1
1961-05,1961,5,0.2,0.3
1961-06,1961,6,0.3,0.3
1961-07,1961,7,0.1,0.2
1961-08,1961,8,-0.1,-0.1
1961-09,1961,9,-0.3,-0.3
1961-10,1961,10,-0.3,-0.3
1961-11,1961,11,-0.2,-0.2
1961-12,1961,12,-0.2,-0.1
1962-01,1962,1,-0.2,-0.1
1962-02,1962,2,-0.2,-0.1
1962-03,1962,3,-0.2,-0.1
1962-04,1962,4,-0.3,-0.2
1962-05,1962,5,-0.3,-0.3
1962-06,1962,6,-0.2,-0.2
1962-07,1962,7,0.0,-0.1
1962-08,1962,8,-0.1,-0.2
1962-09,1962,9,-0.1,-0.2
1962-10,1962,10,-0.2,-0.4
1962-11,1962,11,-0.3,-0.5
1962-12,1962,12,-0.4,-0.5
1963-01,1963,1,-0.4,-0.4
1963-02,1963,2,-0.2,-0.1
1963-03,1963,3,0.2,0.2
1963-04,1963,4,0.3,0.2
1963-05,1963,5,0.3,0.2
1963-06,1963,6,0.5,0.4
1963-07,1963,7,0.9,0.7
1963-08,1963,8,1.1,1.0
1963-09,1963,9,1.2,1.0
1963-10,1963,10,1.3,1.1
1963-11,1963,11,1.4,1.2
1963-12,1963,12,1.3,1.3
1964-01,1964,1,1.1,1.1
1964-02,1964,2,0.6,0.7
1964-03,1964,3,0.1,0.1
1964-04,1964,4,-0.3,-0.4
1964-05,1964,5,-0.6,-0.6
1964-06,1964,6,-0.6,-0.6
1964-07,1964,7,-0.6,-0.6
1964-08,1964,8,-0.7,-0.6
1964-09,1964,9,-0.8,-0.7
1964-10,1964,10,-0.8,-0.8
1964-11,1964,11,-0.8,-0.7
1964-12,1964,12,-0.8,-0.5
1965-01,1965,1,-0.6,-0.2
1965-02,1965,2,-0.3,0.1
1965-03,1965,3,-0.1,0.2
1965-04,1965,4,0.2,0.4
1965-05,1965,5,0.5,0.6
1965-06,1965,6,0.8,1.0
1965-07,1965,7,1.2,1.4
1965-08,1965,8,1.5,1.7
1965-09,1965,9,1.9,1.9
1965-10,1965,10,2.0,2.0
1965-11,1965,11,2.0,2.0
1965-12,1965,12,1.7,1.9
1966-01,1966,1,1.4,1.7
1966-02,1966,2,1.2,1.5
1966-03,1966,3,1.0,1.3
1966-04,1966,4,0.7,0.9
1966-05,1966,5,0.4,0.5
1966-06,1966,6,0.2,0.3
1966-07,1966,7,0.2,0.3
1966-08,1966,8,0.1,0.1
1966-09,1966,9,-0.1,0.0
1966-10,1966,10,-0.1,-0.1
1966-11,1966,11,-0.2,-0.1
1966-12,1966,12,-0.3,-0.2
1967-01,1967,1,-0.4,-0.2
1967-02,1967,2,-0.5,-0.2
1967-03,1967,3,-0.5,-0.4
1967-04,1967,4,-0.4,-0.4
1967-05,1967,5,-0.2,-0.2
1967-06,1967,6,0.0,0.2
1967-07,1967,7,0.0,0.3
1967-08,1967,8,-0.2,0.1
1967-09,1967,9,-0.3,0.0
1967-10,1967,10,-0.4,-0.1
1967-11,1967,11,-0.3,0.0
1967-12,1967,12,-0.4,0.0
1968-01,1968,1,-0.6,-0.2
1968-02,1968,2,-0.7,-0.3
1968-03,1968,3,-0.6,-0.3
1968-04,1968,4,-0.4,-0.2
1968-05,1968,5,0.0,0.2
1968-06,1968,6,0.3,0.5
1968-07,1968,7,0.6,0.7
1968-08,1968,8,0.5,0.6
1968-09,1968,9,0.4,0.5
1968-10,1968,10,0.5,0.6
1968-11,1968,11,0.7,0.8
1968-12,1968,12,1.0,1.1
1969-01,1969,1,1.1,1.2
1969-02,1969,2,1.1,1.1
1969-03,1969,3,0.9,0.9
1969-04,1969,4,0.8,0.5
1969-05,1969,5,0.6,0.4
1969-06,1969,6,0.4,0.2
1969-07,1969,7,0.4,0.2
1969-08,1969,8,0.5,0.4
1969-09,1969,9,0.8,0.7
1969-10,1969,10,0.9,0.8
1969-11,1969,11,0.8,0.7
1969-12,1969,12,0.6,0.6
1970-01,1970,1,0.5,0.5
1970-02,1970,2,0.3,0.3
1970-03,1970,3,0.3,0.3
1970-04,1970,4,0.2,0.1
1970-05,1970,5,0.0,0.0
1970-06,1970,6,-0.3,-0.3
1970-07,1970,7,-0.6,-0.6
1970-08,1970,8,-0.8,-0.7
1970-09,1970,9,-0.8,-0.7
1970-10,1970,10,-0.7,-0.6
1970-11,1970,11,-0.9,-0.7
1970-12,1970,12,-1.1,-0.9
1971-01,1971,1,-1.4,-1.0
1971-02,1971,2,-1.4,-1.0
1971-03,1971,3,-1.1,-0.8
1971-04,1971,4,-0.8,-0.6
1971-05,1971,5,-0.7,-0.5
1971-06,1971,6,-0.7,-0.4
1971-07,1971,7,-0.8,-0.4
1971-08,1971,8,-0.8,-0.4
1971-09,1971,9,-0.8,-0.5
1971-10,1971,10,-0.9,-0.5
1971-11,1971,11,-1.0,-0.5
1971-12,1971,12,-0.9,-0.5
1972-01,1972,1,-0.7,-0.3
1972-02,1972,2,-0.4,0.0
1972-03,1972,3,0.1,0.4
1972-04,1972,4,0.4,0.8
1972-05,1972,5,0.7,0.9
1972-06,1972,6,0.9,1.1
1972-07,1972,7,1.1,1.3
1972-08,1972,8,1.4,1.5
1972-09,1972,9,1.6,1.7
1972-10,1972,10,1.8,2.0
1972-11,1972,11,2.1,2.2
1972-12,1972,12,2.1,2.3
1973-01,1973,1,1.8,2.0
1973-02,1973,2,1.2,1.4
1973-03,1973,3,0.5,0.6
1973-04,1973,4,-0.1,-0.2
1973-05,1973,5,-0.5,-0.8
1973-06,1973,6,-0.9,-1.1
1973-07,1973,7,-1.1,-1.2
1973-08,1973,8,-1.3,-1.4
1973-09,1973,9,-1.5,-1.5
1973-10,1973,10,-1.7,-1.8
1973-11,1973,11,-1.9,-1.9
1973-12,1973,12,-2.0,-1.9
1974-01,1974,1,-1.8,-1.5
1974-02,1974,2,-1.6,-1.2
1974-03,1974,3,-1.2,-0.9
1974-04,1974,4,-1.0,-0.9
1974-05,1974,5,-0.9,-0.8
1974-06,1974,6,-0.8,-0.6
1974-07,1974,7,-0.5,-0.4
1974-08,1974,8,-0.4,-0.2
1974-09,1974,9,-0.4,-0.2
1974-10,1974,10,-0.6,-0.4
1974-11,1974,11,-0.8,-0.4
1974-12,1974,12,-0.6,-0.2
1975-01,1975,1,-0.5,-0.1
1975-02,1975,2,-0.6,-0.1
1975-03,1975,3,-0.7,-0.3
1975-04,1975,4,-0.7,-0.5
1975-05,1975,5,-0.8,-0.6
1975-06,1975,6,-1.0,-0.8
1975-07,1975,7,-1.1,-0.9
1975-08,1975,8,-1.2,-0.9
1975-09,1975,9,-1.4,-1.0
1975-10,1975,10,-1.4,-1.0
1975-11,1975,11,-1.6,-1.1
1975-12,1975,12,-1.7,-1.1
1976-01,1976,1,-1.6,-1.0
1976-02,1976,2,-1.2,-0.6
1976-03,1976,3,-0.7,-0.3
1976-04,1976,4,-0.5,-0.1
1976-05,1976,5,-0.3,0.0
1976-06,1976,6,0.0,0.2
1976-07,1976,7,0.2,0.5
1976-08,1976,8,0.4,0.7
1976-09,1976,9,0.6,0.9
1976-10,1976,10,0.8,1.1
1976-11,1976,11,0.9,1.1
1976-12,1976,12,0.8,1.1
1977-01,1977,1,0.7,1.0
1977-02,1977,2,0.6,0.9
1977-03,1977,3,0.3,0.5
1977-04,1977,4,0.2,0.3
1977-05,1977,5,0.2,0.2
1977-06,1977,6,0.3,0.4
1977-07,1977,7,0.4,0.4
1977-08,1977,8,0.4,0.6
1977-09,1977,9,0.6,0.8
1977-10,1977,10,0.7,1.0
1977-11,1977,11,0.8,1.1
1977-12,1977,12,0.8,1.1
1978-01,1978,1,0.7,0.9
1978-02,1978,2,0.4,0.6
1978-03,1978,3,0.1,0.1
1978-04,1978,4,-0.2,-0.2
1978-05,1978,5,-0.3,-0.4
1978-06,1978,6,-0.3,-0.3
1978-07,1978,7,-0.4,-0.3
1978-08,1978,8,-0.4,-0.3
1978-09,1978,9,-0.4,-0.2
1978-10,1978,10,-0.3,0.0
1978-11,1978,11,-0.1,0.2
1978-12,1978,12,0.0,0.2
1979-01,1979,1,0.0,0.2
1979-02,1979,2,0.1,0.2
1979-03,1979,3,0.2,0.2
1979-04,1979,4,0.3,0.2
1979-05,1979,5,0.2,0.1
1979-06,1979,6,0.0,-0.1
1979-07,1979,7,0.0,0.0
1979-08,1979,8,0.2,0.2
1979-09,1979,9,0.3,0.4
1979-10,1979,10,0.5,0.5
1979-11,1979,11,0.5,0.5
1979-12,1979,12,0.6,0.7
1980-01,1980,1,0.6,0.6
1980-02,1980,2,0.5,0.5
1980-03,1980,3,0.3,0.3
1980-04,1980,4,0.4,0.2
1980-05,1980,5,0.5,0.3
1980-06,1980,6,0.5,0.3
1980-07,1980,7,0.3,0.2
1980-08,1980,8,0.0,0.0
1980-09,1980,9,-0.1,0.0
1980-10,1980,10,0.0,0.1
1980-11,1980,11,0.1,0.2
1980-12,1980,12,0.0,0.2
1981-01,1981,1,-0.3,0.0
1981-02,1981,2,-0.5,-0.3
1981-03,1981,3,-0.5,-0.3
1981-04,1981,4,-0.4,-0.3
1981-05,1981,5,-0.3,-0.3
1981-06,1981,6,-0.3,-0.3
1981-07,1981,7,-0.3,-0.3
1981-08,1981,8,-0.2,-0.2
1981-09,1981,9,-0.2,-0.1
1981-10,1981,10,-0.1,-0.2
1981-11,1981,11,-0.2,-0.2
1981-12,1981,12,-0.1,0.0
1982-01,1982,1,0.0,0.1
1982-02,1982,2,0.1,0.3
1982-03,1982,3,0.2,0.4
1982-04,1982,4,0.5,0.6
1982-05,1982,5,0.7,0.8
1982-06,1982,6,0.7,0.8
1982-07,1982,7,0.8,0.9
1982-08,1982,8,1.1,1.3
1982-09,1982,9,1.6,1.8
1982-10,1982,10,2.0,2.2
1982-11,1982,11,2.2,2.4
1982-12,1982,12,2.2,2.5
1983-01,1983,1,2.2,2.5
1983-02,1983,2,1.9,2.2
1983-03,1983,3,1.5,1.7
1983-04,1983,4,1.3,1.4
1983-05,1983,5,1.1,1.0
1983-06,1983,6,0.7,0.6
1983-07,1983,7,0.3,0.1
1983-08,1983,8,-0.1,-0.2
1983-09,1983,9,-0.5,-0.6
1983-10,1983,10,-0.8,-0.9
1983-11,1983,11,-1.0,-1.1
1983-12,1983,12,-0.9,-1.0
1984-01,1984,1,-0.6,-0.5
1984-02,1984,2,-0.4,-0.3
1984-03,1984,3,-0.3,-0.3
1984-04,1984,4,-0.4,-0.5
1984-05,1984,5,-0.5,-0.6
1984-06,1984,6,-0.4,-0.4
1984-07,1984,7,-0.3,-0.2
1984-08,1984,8,-0.2,-0.1
1984-09,1984,9,-0.2,-0.1
1984-10,1984,10,-0.6,-0.5
1984-11,1984,11,-0.9,-0.8
1984-12,1984,12,-1.1,-1.0
1985-01,1985,1,-1.0,-0.8
1985-02,1985,2,-0.8,-0.6
1985-03,1985,3,-0.8,-0.6
1985-04,1985,4,-0.8,-0.7
1985-05,1985,5,-0.8,-0.7
1985-06,1985,6,-0.6,-0.5
1985-07,1985,7,-0.5,-0.4
1985-08,1985,8,-0.5,-0.3
1985-09,1985,9,-0.4,-0.2
1985-10,1985,10,-0.3,-0.2
1985-11,1985,11,-0.3,-0.1
1985-12,1985,12,-0.4,-0.2
1986-01,1986,1,-0.5,-0.3
1986-02,1986,2,-0.5,-0.3
1986-03,1986,3,-0.3,-0.2
1986-04,1986,4,-0.2,-0.1
1986-05,1986,5,-0.1,-0.1
1986-06,1986,6,0.0,-0.1
1986-07,1986,7,0.2,0.3
1986-08,1986,8,0.4,0.6
1986-09,1986,9,0.7,0.9
1986-10,1986,10,0.9,1.2
1986-11,1986,11,1.1,1.4
1986-12,1986,12,1.2,1.5
1987-01,1987,1,1.2,1.6
1987-02,1987,2,1.2,1.5
1987-03,1987,3,1.1,1.3
1987-04,1987,4,0.9,1.0
1987-05,1987,5,1.0,0.9
1987-06,1987,6,1.2,1.1
1987-07,1987,7,1.5,1.3
1987-08,1987,8,1.7,1.6
1987-09,1987,9,1.6,1.5
1987-10,1987,10,1.5,1.3
1987-11,1987,11,1.3,1.0
1987-12,1987,12,1.1,0.9
1988-01,1988,1,0.8,0.7
1988-02,1988,2,0.5,0.3
1988-03,1988,3,0.1,-0.2
1988-04,1988,4,-0.3,-0.7
1988-05,1988,5,-0.9,-1.4
1988-06,1988,6,-1.3,-1.7
1988-07,1988,7,-1.3,-1.6
1988-08,1988,8,-1.1,-1.3
1988-09,1988,9,-1.2,-1.4
1988-10,1988,10,-1.5,-1.6
1988-11,1988,11,-1.8,-1.9
1988-12,1988,12,-1.8,-1.9
1989-01,1989,1,-1.7,-1.7
1989-02,1989,2,-1.4,-1.4
1989-03,1989,3,-1.1,-1.1
1989-04,1989,4,-0.8,-0.8
1989-05,1989,5,-0.6,-0.6
1989-06,1989,6,-0.4,-0.4
1989-07,1989,7,-0.3,-0.3
1989-08,1989,8,-0.3,-0.3
1989-09,1989,9,-0.2,-0.2
1989-10,1989,10,-0.2,-0.2
1989-11,1989,11,-0.2,-0.1
1989-12,1989,12,-0.1,0.0
1990-01,1990,1,0.1,0.2
1990-02,1990,2,0.2,0.3
1990-03,1990,3,0.3,0.3
1990-04,1990,4,0.3,0.3
1990-05,1990,5,0.3,0.2
1990-06,1990,6,0.3,0.2
1990-07,1990,7,0.3,0.3
1990-08,1990,8,0.4,0.4
1990-09,1990,9,0.4,0.4
1990-10,1990,10,0.3,0.4
1990-11,1990,11,0.4,0.4
1990-12,1990,12,0.4,0.5
1991-01,1991,1,0.4,0.6
1991-02,1991,2,0.3,0.5
1991-03,1991,3,0.2,0.4
1991-04,1991,4,0.3,0.4
1991-05,1991,5,0.5,0.5
1991-06,1991,6,0.6,0.7
1991-07,1991,7,0.7,0.8
1991-08,1991,8,0.6,0.8
1991-09,1991,9,0.6,0.9
1991-10,1991,10,0.8,1.2
1991-11,1991,11,1.2,1.7
1991-12,1991,12,1.5,2.1
1992-01,1992,1,1.7,2.3
1992-02,1992,2,1.6,2.2
1992-03,1992,3,1.5,2.0
1992-04,1992,4,1.3,1.7
1992-05,1992,5,1.1,1.4
1992-06,1992,6,0.7,0.9
1992-07,1992,7,0.4,0.5
1992-08,1992,8,0.1,0.3
1992-09,1992,9,-0.1,0.2
1992-10,1992,10,-0.2,0.1
1992-11,1992,11,-0.3,0.1
1992-12,1992,12,-0.1,0.3
1993-01,1993,1,0.1,0.5
1993-02,1993,2,0.3,0.7
1993-03,1993,3,0.5,0.9
1993-04,1993,4,0.7,1.0
1993-05,1993,5,0.7,0.9
1993-06,1993,6,0.6,0.7
1993-07,1993,7,0.3,0.5
1993-08,1993,8,0.3,0.5
1993-09,1993,9,0.2,0.5
1993-10,1993,10,0.1,0.4
1993-11,1993,11,0.0,0.3
1993-12,1993,12,0.1,0.3
1994-01,1994,1,0.1,0.3
1994-02,1994,2,0.1,0.3
1994-03,1994,3,0.2,0.4
1994-04,1994,4,0.3,0.5
1994-05,1994,5,0.4,0.6
1994-06,1994,6,0.4,0.6
1994-07,1994,7,0.4,0.7
1994-08,1994,8,0.4,0.8
1994-09,1994,9,0.6,1.0
1994-10,1994,10,0.7,1.1
1994-11,1994,11,1.0,1.3
1994-12,1994,12,1.1,1.4
1995-01,1995,1,1.0,1.3
1995-02,1995,2,0.7,1.0
1995-03,1995,3,0.5,0.7
1995-04,1995,4,0.3,0.4
1995-05,1995,5,0.1,0.1
1995-06,1995,6,0.0,-0.1
1995-07,1995,7,-0.2,-0.3
1995-08,1995,8,-0.5,-0.5
1995-09,1995,9,-0.8,-0.7
1995-10,1995,10,-1.0,-0.9
1995-11,1995,11,-1.0,-0.9
1995-12,1995,12,-1.0,-0.9
1996-01,1996,1,-0.9,-0.9
1996-02,1996,2,-0.8,-0.8
1996-03,1996,3,-0.6,-0.6
1996-04,1996,4,-0.4,-0.4
1996-05,1996,5,-0.3,-0.3
1996-06,1996,6,-0.3,-0.3
1996-07,1996,7,-0.3,-0.2
1996-08,1996,8,-0.3,-0.2
1996-09,1996,9,-0.4,-0.2
1996-10,1996,10,-0.4,-0.3
1996-11,1996,11,-0.4,-0.3
1996-12,1996,12,-0.5,-0.3
1997-01,1997,1,-0.5,-0.2
1997-02,1997,2,-0.4,-0.1
1997-03,1997,3,-0.1,0.2
1997-04,1997,4,0.3,0.5
1997-05,1997,5,0.8,1.0
1997-06,1997,6,1.2,1.3
1997-07,1997,7,1.6,1.7
1997-08,1997,8,1.9,2.0
1997-09,1997,9,2.1,2.3
1997-10,1997,10,2.3,2.4
1997-11,1997,11,2.4,2.4
1997-12,1997,12,2.4,2.3
1998-01,1998,1,2.2,2.2
1998-02,1998,2,1.9,1.8
1998-03,1998,3,1.4,1.3
1998-04,1998,4,1.0,0.8
1998-05,1998,5,0.5,0.1
1998-06,1998,6,-0.1,-0.5
1998-07,1998,7,-0.8,-1.2
1998-08,1998,8,-1.1,-1.4
1998-09,1998,9,-1.3,-1.5
1998-10,1998,10,-1.4,-1.5
1998-11,1998,11,-1.5,-1.6
1998-12,1998,12,-1.6,-1.6
1999-01,1999,1,-1.5,-1.5
1999-02,1999,2,-1.3,-1.3
1999-03,1999,3,-1.1,-1.1
1999-04,1999,4,-1.0,-1.0
1999-05,1999,5,-1.0,-1.0
1999-06,1999,6,-1.0,-1.0
1999-07,1999,7,-1.1,-1.0
1999-08,1999,8,-1.1,-1.0
1999-09,1999,9,-1.2,-1.0
1999-10,1999,10,-1.3,-1.1
1999-11,1999,11,-1.5,-1.4
1999-12,1999,12,-1.7,-1.6
2000-01,2000,1,-1.7,-1.7
2000-02,2000,2,-1.4,-1.4
2000-03,2000,3,-1.1,-1.1
2000-04,2000,4,-0.8,-0.8
2000-05,2000,5,-0.7,-0.6
2000-06,2000,6,-0.6,-0.5
2000-07,2000,7,-0.6,-0.4
2000-08,2000,8,-0.5,-0.4
2000-09,2000,9,-0.5,-0.4
2000-10,2000,10,-0.6,-0.6
2000-11,2000,11,-0.7,-0.7
2000-12,2000,12,-0.7,-0.7
2001-01,2001,1,-0.7,-0.6
2001-02,2001,2,-0.5,-0.5
2001-03,2001,3,-0.4,-0.5
2001-04,2001,4,-0.3,-0.5
2001-05,2001,5,-0.3,-0.3
2001-06,2001,6,-0.1,-0.1
2001-07,2001,7,-0.1,0.0
2001-08,2001,8,-0.1,0.0
2001-09,2001,9,-0.2,0.0
2001-10,2001,10,-0.3,-0.2
2001-11,2001,11,-0.3,-0.2
2001-12,2001,12,-0.3,-0.3
2002-01,2002,1,-0.1,-0.1
2002-02,2002,2,0.0,0.0
2002-03,2002,3,0.1,0.0
2002-04,2002,4,0.2,0.1
2002-05,2002,5,0.4,0.4
2002-06,2002,6,0.7,0.7
2002-07,2002,7,0.8,0.9
2002-08,2002,8,0.9,1.1
2002-09,2002,9,1.0,1.3
2002-10,2002,10,1.2,1.4
2002-11,2002,11,1.3,1.5
2002-12,2002,12,1.1,1.2
2003-01,2003,1,0.9,0.9
2003-02,2003,2,0.6,0.5
2003-03,2003,3,0.4,0.2
2003-04,2003,4,0.0,-0.2
2003-05,2003,5,-0.3,-0.4
2003-06,2003,6,-0.2,-0.3
2003-07,2003,7,0.1,0.0
2003-08,2003,8,0.2,0.2
2003-09,2003,9,0.3,0.2
2003-10,2003,10,0.3,0.2
2003-11,2003,11,0.4,0.3
2003-12,2003,12,0.4,0.3
2004-01,2004,1,0.4,0.3
2004-02,2004,2,0.3,0.1
2004-03,2004,3,0.2,0.1
2004-04,2004,4,0.2,0.2
2004-05,2004,5,0.2,0.3
2004-06,2004,6,0.3,0.5
2004-07,2004,7,0.5,0.7
2004-08,2004,8,0.6,0.8
2004-09,2004,9,0.7,0.9
2004-10,2004,10,0.7,0.8
2004-11,2004,11,0.7,0.7
2004-12,2004,12,0.7,0.7
2005-01,2005,1,0.6,0.6
2005-02,2005,2,0.6,0.4
2005-03,2005,3,0.4,0.3
2005-04,2005,4,0.4,0.3
2005-05,2005,5,0.3,0.2
2005-06,2005,6,0.1,0.0
2005-07,2005,7,-0.1,-0.1
2005-08,2005,8,-0.1,-0.1
2005-09,2005,9,-0.1,0.0
2005-10,2005,10,-0.3,-0.2
2005-11,2005,11,-0.6,-0.5
2005-12,2005,12,-0.8,-0.8
2006-01,2006,1,-0.9,-0.9
2006-02,2006,2,-0.8,-0.9
2006-03,2006,3,-0.6,-0.6
2006-04,2006,4,-0.4,-0.4
2006-05,2006,5,-0.1,-0.1
2006-06,2006,6,0.0,0.0
2006-07,2006,7,0.1,0.1
2006-08,2006,8,0.3,0.3
2006-09,2006,9,0.5,0.5
2006-10,2006,10,0.8,0.8
2006-11,2006,11,0.9,0.9
2006-12,2006,12,0.9,0.9
2007-01,2007,1,0.7,0.6
2007-02,2007,2,0.2,0.2
2007-03,2007,3,-0.1,-0.2
2007-04,2007,4,-0.3,-0.4
2007-05,2007,5,-0.4,-0.4
2007-06,2007,6,-0.5,-0.5
2007-07,2007,7,-0.6,-0.6
2007-08,2007,8,-0.8,-0.8
2007-09,2007,9,-1.1,-1.0
2007-10,2007,10,-1.3,-1.3
2007-11,2007,11,-1.5,-1.4
2007-12,2007,12,-1.6,-1.5
2008-01,2008,1,-1.6,-1.6
2008-02,2008,2,-1.5,-1.5
2008-03,2008,3,-1.3,-1.3
2008-04,2008,4,-1.0,-0.9
2008-05,2008,5,-0.8,-0.8
2008-06,2008,6,-0.6,-0.5
2008-07,2008,7,-0.4,-0.3
2008-08,2008,8,-0.2,-0.2
2008-09,2008,9,-0.2,-0.3
2008-10,2008,10,-0.4,-0.4
2008-11,2008,11,-0.6,-0.6
2008-12,2008,12,-0.7,-0.8
2009-01,2009,1,-0.8,-0.9
2009-02,2009,2,-0.8,-0.8
2009-03,2009,3,-0.6,-0.7
2009-04,2009,4,-0.3,-0.4
2009-05,2009,5,0.0,-0.1
2009-06,2009,6,0.3,0.1
2009-07,2009,7,0.5,0.3
2009-08,2009,8,0.6,0.4
2009-09,2009,9,0.7,0.6
2009-10,2009,10,1.0,0.9
2009-11,2009,11,1.4,1.3
2009-12,2009,12,1.6,1.6
2010-01,2010,1,1.5,1.5
2010-02,2010,2,1.2,1.1
2010-03,2010,3,0.8,0.6
2010-04,2010,4,0.4,0.1
2010-05,2010,5,-0.2,-0.5
2010-06,2010,6,-0.7,-1.0
2010-07,2010,7,-1.0,-1.3
2010-08,2010,8,-1.3,-1.5
2010-09,2010,9,-1.6,-1.7
2010-10,2010,10,-1.6,-1.7
2010-11,2010,11,-1.6,-1.7
2010-12,2010,12,-1.5,-1.6
2011-01,2011,1,-1.3,-1.4
2011-02,2011,2,-1.0,-1.2
2011-03,2011,3,-0.8,-0.9
2011-04,2011,4,-0.6,-0.7
2011-05,2011,5,-0.5,-0.5
2011-06,2011,6,-0.4,-0.3
2011-07,2011,7,-0.4,-0.4
2011-08,2011,8,-0.6,-0.5
2011-09,2011,9,-0.8,-0.7
2011-10,2011,10,-1.0,-0.9
2011-11,2011,11,-1.0,-1.0
2011-12,2011,12,-0.9,-1.0
2012-01,2012,1,-0.7,-0.8
2012-02,2012,2,-0.6,-0.6
2012-03,2012,3,-0.5,-0.6
2012-04,2012,4,-0.4,-0.5
2012-05,2012,5,-0.2,-0.3
2012-06,2012,6,0.1,0.0
2012-07,2012,7,0.3,0.3
2012-08,2012,8,0.4,0.4
2012-09,2012,9,0.4,0.4
2012-10,2012,10,0.3,0.2
2012-11,2012,11,0.1,-0.1
2012-12,2012,12,-0.1,-0.4
2013-01,2013,1,-0.3,-0.6
2013-02,2013,2,-0.3,-0.6
2013-03,2013,3,-0.2,-0.5
2013-04,2013,4,-0.2,-0.4
2013-05,2013,5,-0.3,-0.4
2013-06,2013,6,-0.3,-0.4
2013-07,2013,7,-0.4,-0.4
2013-08,2013,8,-0.3,-0.3
2013-09,2013,9,-0.2,-0.3
2013-10,2013,10,-0.1,-0.2
2013-11,2013,11,-0.1,-0.2
2013-12,2013,12,-0.2,-0.3
2014-01,2014,1,-0.3,-0.5
2014-02,2014,2,-0.3,-0.5
2014-03,2014,3,-0.1,-0.3
2014-04,2014,4,0.2,0.0
2014-05,2014,5,0.3,0.1
2014-06,2014,6,0.2,0.0
2014-07,2014,7,0.1,-0.1
2014-08,2014,8,0.1,-0.1
2014-09,2014,9,0.3,0.1
2014-10,2014,10,0.5,0.4
2014-11,2014,11,0.7,0.5
2014-12,2014,12,0.8,0.6
2015-01,2015,1,0.7,0.5
2015-02,2015,2,0.6,0.4
2015-03,2015,3,0.7,0.5
2015-04,2015,4,0.8,0.6
2015-05,2015,5,1.0,0.8
2015-06,2015,6,1.3,1.0
2015-07,2015,7,1.6,1.3
2015-08,2015,8,1.9,1.6
2015-09,2015,9,2.2,1.9
2015-10,2015,10,2.5,2.2
2015-11,2015,11,2.6,2.3
2015-12,2015,12,2.8,2.4
2016-01,2016,1,2.6,2.2
2016-02,2016,2,2.3,1.8
2016-03,2016,3,1.7,1.3
2016-04,2016,4,1.0,0.5
2016-05,2016,5,0.5,-0.1
2016-06,2016,6,0.0,-0.6
2016-07,2016,7,-0.3,-0.9
2016-08,2016,8,-0.5,-1.0
2016-09,2016,9,-0.6,-1.1
2016-10,2016,10,-0.6,-1.1
2016-11,2016,11,-0.6,-1.1
2016-12,2016,12,-0.5,-1.0
2017-01,2017,1,-0.2,-0.7
2017-02,2017,2,0.0,-0.5
2017-03,2017,3,0.2,-0.3
2017-04,2017,4,0.3,-0.1
2017-05,2017,5,0.4,0.1
2017-06,2017,6,0.4,0.1
2017-07,2017,7,0.2,-0.2
2017-08,2017,8,-0.1,-0.5
2017-09,2017,9,-0.3,-0.7
2017-10,2017,10,-0.6,-1.0
2017-11,2017,11,-0.8,-1.1
2017-12,2017,12,-0.9,-1.3
2018-01,2018,1,-0.8,-1.1
2018-02,2018,2,-0.7,-1.0
2018-03,2018,3,-0.6,-0.9
2018-04,2018,4,-0.4,-0.7
2018-05,2018,5,-0.1,-0.3
2018-06,2018,6,0.1,0.0
2018-07,2018,7,0.1,0.1
2018-08,2018,8,0.3,0.2
2018-09,2018,9,0.5,0.4
2018-10,2018,10,0.8,0.7
2018-11,2018,11,1.0,0.8
2018-12,2018,12,0.9,0.7
2019-01,2019,1,0.9,0.6
2019-02,2019,2,0.9,0.6
2019-03,2019,3,0.8,0.6
2019-04,2019,4,0.8,0.5
2019-05,2019,5,0.6,0.3
2019-06,2019,6,0.5,0.2
2019-07,2019,7,0.3,0.0
2019-08,2019,8,0.2,-0.1
2019-09,2019,9,0.2,0.0
2019-10,2019,10,0.4,0.1
2019-11,2019,11,0.6,0.2
2019-12,2019,12,0.7,0.2
2020-01,2020,1,0.6,0.1
2020-02,2020,2,0.6,0.1
2020-03,2020,3,0.5,0.0
2020-04,2020,4,0.3,-0.3
2020-05,2020,5,0.0,-0.6
2020-06,2020,6,-0.2,-0.8
2020-07,2020,7,-0.4,-0.8
2020-08,2020,8,-0.5,-0.9
2020-09,2020,9,-0.8,-1.2
2020-10,2020,10,-1.1,-1.5
2020-11,2020,11,-1.2,-1.5
2020-12,2020,12,-1.1,-1.4
2021-01,2021,1,-0.9,-1.2
2021-02,2021,2,-0.8,-1.0
2021-03,2021,3,-0.7,-1.0
2021-04,2021,4,-0.5,-0.8
2021-05,2021,5,-0.4,-0.6
2021-06,2021,6,-0.3,-0.5
2021-07,2021,7,-0.3,-0.6
2021-08,2021,8,-0.4,-0.7
2021-09,2021,9,-0.6,-0.9
2021-10,2021,10,-0.8,-1.1
2021-11,2021,11,-0.9,-1.2
2021-12,2021,12,-0.9,-1.2
2022-01,2022,1,-0.8,-1.2
2022-02,2022,2,-0.8,-1.2
2022-03,2022,3,-0.9,-1.3
2022-04,2022,4,-1.0,-1.3
2022-05,2022,5,-0.9,-1.2
2022-06,2022,6,-0.8,-1.0
2022-07,2022,7,-0.8,-0.9
2022-08,2022,8,-0.9,-1.0
2022-09,2022,9,-1.0,-1.1
2022-10,2022,10,-0.9,-1.1
2022-11,2022,11,-0.8,-1.0
2022-12,2022,12,-0.7,-1.0
2023-01,2023,1,-0.5,-0.8
2023-02,2023,2,-0.3,-0.6
2023-03,2023,3,0.0,-0.4
2023-04,2023,4,0.3,-0.2
2023-05,2023,5,0.6,0.1
2023-06,2023,6,0.8,0.4
2023-07,2023,7,1.1,0.6
2023-08,2023,8,1.4,0.9
2023-09,2023,9,1.6,1.1
2023-10,2023,10,1.8,1.4
2023-11,2023,11,2.0,1.5
2023-12,2023,12,2.1,1.5
2024-01,2024,1,1.9,1.2
2024-02,2024,2,1.6,0.9
2024-03,2024,3,1.3,0.5
2024-04,2024,4,0.8,0.1
2024-05,2024,5,0.5,-0.3
2024-06,2024,6,0.2,-0.5
2024-07,2024,7,0.1,-0.5
2024-08,2024,8,-0.1,-0.6
2024-09,2024,9,-0.2,-0.8
2024-10,2024,10,-0.2,-0.8
2024-11,2024,11,-0.3,-0.9
2024-12,2024,12,-0.4,-1.1
2025-01,2025,1,-0.4,-1.1
2025-02,2025,2,-0.2,-0.9
2025-03,2025,3,-0.1,-0.7
2025-04,2025,4,0.0,-0.5
2025-05,2025,5,0.0,-0.5
2025-06,2025,6,0.0,-0.4
2025-07,2025,7,-0.1,-0.5
2025-08,2025,8,-0.3,-0.6
2025-09,2025,9,-0.4,-0.8
2025-10,2025,10,-0.5,-0.9
2025-11,2025,11,-0.6,-0.9
2025-12,2025,12,-0.5,-1.0
